{"cameraMode":{"drawMode":0,"name":"Shaded","section":"Shading Mode"},"sceneLighting":true,"audioPlay":false,"sceneViewState":{"showFog":true,"showMaterialUpdate":false,"showSkybox":true,"showFlares":true,"showImageEffects":true,"showParticleSystems":true},"in2DMode":false,"pivot":{"x":3.0049057006835939,"y":13.613317489624024,"z":-47.337066650390628},"rotation":{"x":-0.07808620482683182,"y":0.06037486344575882,"z":-0.0047376821748912338,"w":-0.9951055645942688},"size":11.90103816986084,"orthographic":false}