{"cameraMode":{"drawMode":0,"name":"Shaded","section":"Shading Mode"},"sceneLighting":true,"audioPlay":false,"sceneViewState":{"showFog":true,"showMaterialUpdate":false,"showSkybox":true,"showFlares":true,"showImageEffects":true,"showParticleSystems":true},"in2DMode":false,"pivot":{"x":32.52824020385742,"y":35.199684143066409,"z":12.921416282653809},"rotation":{"x":-0.30887916684150698,"y":0.45118197798728945,"z":-0.16998574137687684,"w":-0.8198374509811401},"size":6.386346340179443,"orthographic":false}